tag,value
Hindu,0.072796289
TOI,0.070732977
IE,0.361407408
DecH,0.098242775
HT,0.296370996
TeleG,0.125752839
NIE,0.114026233
