tag,value
Hindu,0.03476151329720595
TOI,0.04244728616034715
IE,0.16540388169155856
DecH,0.10111520947208019
HT,0.033615205616963656
TeleG,0.033819937987237356
NIE,0.025239082604717012
