tag,value
Hindu,0.070243622
TOI,0.019044067
IE,0.308708249
DecH,0.147574371
HT,0.0087923
TeleG,0.044982146
NIE,0.053266293
