name,tag,value
Poor,0.591870615,0.479742482
Middle Class,0.277031846,-0.575160164
Corporate,-0.236618046,0.188209089
Informal,-0.303369251,0.374157856
Government,-0.328915164,-0.466949262