tag,value
Hindu,0.07024362156256173
TOI,0.019044067146128007
IE,0.30870824851110545
DecH,0.14757437071060325
HT,0.008792299513262256
TeleG,0.04498214612366433
NIE,0.05326629272948207
